{
  "Profiles": [
    {
      "Ansi 3 Color" : {
        "Green Component" : 0.89706093072891235,
        "Red Component" : 0.99814993143081665,
        "Blue Component" : 0.039139740169048309
      },
      "Tags" : [
        "Dynamic"
      ],
      "Ansi 12 Color" : {
        "Green Component" : 0.3333333432674408,
        "Red Component" : 0.3333333432674408,
        "Blue Component" : 1
      },
      "Ansi 7 Color" : {
        "Green Component" : 0.73333334922790527,
        "Red Component" : 0.73333334922790527,
        "Blue Component" : 0.73333334922790527
      },
      "Ansi 8 Color" : {
        "Green Component" : 0.33333333333333331,
        "Red Component" : 0.33333333333333331,
        "Blue Component" : 0.33333333333333331
      },
      "Bold Color" : {
        "Green Component" : 0.98771905899047852,
        "Red Component" : 0.96919095516204834,
        "Blue Component" : 1
      },
      "Ansi 9 Color" : {
        "Green Component" : 0.052976857870817184,
        "Red Component" : 0.95708823204040527,
        "Blue Component" : 0.090362116694450378
      },
      "Horizontal Spacing" : 1,
      "Ansi 6 Color" : {
        "Green Component" : 0.73333334922790527,
        "Red Component" : 0,
        "Blue Component" : 0.73333334922790527
      },
      "Rows" : 25,
      "Default Bookmark" : "No",
      "Cursor Guide Color" : {
        "Red Component" : 0.70213186740875244,
        "Color Space" : "sRGB",
        "Blue Component" : 1,
        "Alpha Component" : 0.25,
        "Green Component" : 0.9268307089805603
      },
      "Non-ASCII Anti Aliased" : true,
      "Use Bright Bold" : true,
      "Ansi 10 Color" : {
        "Green Component" : 0.81519794464111328,
        "Red Component" : 0.23300750553607941,
        "Blue Component" : 0.11517760157585144
      },
      "Ambiguous Double Width" : false,
      "Jobs to Ignore" : [
        "rlogin",
        "ssh",
        "slogin",
        "telnet"
      ],
      "Ansi 15 Color" : {
        "Green Component" : 1,
        "Red Component" : 1,
        "Blue Component" : 1
      },
      "Foreground Color" : {
        "Green Component" : 1,
        "Red Component" : 1,
        "Blue Component" : 1
      },
      "Working Directory" : "\/Users\/fconstantinovmenezes",
      "Blinking Cursor" : false,
      "Disable Window Resizing" : true,
      "Sync Title" : false,
      "Prompt Before Closing 2" : false,
      "BM Growl" : true,
      "Command" : "",
      "Description" : "Default",
      "Dynamic Profile Filename" : "\/Users\/fconstantinovmenezes\/Library\/Application Support\/iTerm2\/DynamicProfiles\/iterm_profiles.json",
      "Mouse Reporting" : true,
      "Screen" : -1,
      "Selection Color" : {
        "Green Component" : 0.20615114271640778,
        "Red Component" : 0.09597768634557724,
        "Blue Component" : 0.31055498123168945
      },
      "Columns" : 80,
      "Idle Code" : 0,
      "Ansi 13 Color" : {
        "Green Component" : 0.3333333432674408,
        "Red Component" : 1,
        "Blue Component" : 1
      },
      "Custom Command" : "No",
      "ASCII Anti Aliased" : true,
      "Non Ascii Font" : "Monaco 12",
      "Vertical Spacing" : 1,
      "Use Bold Font" : true,
      "Option Key Sends" : 0,
      "Selected Text Color" : {
        "Green Component" : 0.70916998386383057,
        "Red Component" : 0.70916998386383057,
        "Blue Component" : 0.70916998386383057
      },
      "Background Color" : {
        "Green Component" : 0.15233974158763885,
        "Red Component" : 0.073702715337276459,
        "Blue Component" : 0.21839480102062225
      },
      "Character Encoding" : 4,
      "Ansi 11 Color" : {
        "Green Component" : 0.78536456823348999,
        "Red Component" : 0.92833864688873291,
        "Blue Component" : 0.035555899143218994
      },
      "Use Italic Font" : true,
      "Unlimited Scrollback" : false,
      "Keyboard Map" : {
        "0xf728-0x80000" : {
          "Action" : 10,
          "Text" : "d"
        },
        "0xf702-0x280000" : {
          "Action" : 10,
          "Text" : "b"
        },
        "0xf70d-0x20000" : {
          "Action" : 10,
          "Text" : "[21;2~"
        },
        "0x7f-0x80000" : {
          "Action" : 11,
          "Text" : "0x1b 0x7f"
        },
        "0xf708-0x20000" : {
          "Action" : 10,
          "Text" : "[15;2~"
        },
        "0x33-0x40000" : {
          "Action" : 11,
          "Text" : "0x1b"
        },
        "0xf703-0x260000" : {
          "Action" : 10,
          "Text" : "[1;6C"
        },
        "0xf729-0x20000" : {
          "Action" : 10,
          "Text" : "[1;2H"
        },
        "0xf702-0x260000" : {
          "Action" : 10,
          "Text" : "[1;6D"
        },
        "0x38-0x40000" : {
          "Action" : 11,
          "Text" : "0x7f"
        },
        "0xf72b-0x40000" : {
          "Action" : 10,
          "Text" : "[1;5F"
        },
        "0xf70c-0x20000" : {
          "Action" : 10,
          "Text" : "[20;2~"
        },
        "0xf701-0x260000" : {
          "Action" : 10,
          "Text" : "[1;6B"
        },
        "0x32-0x40000" : {
          "Action" : 11,
          "Text" : "0x00"
        },
        "0xf707-0x20000" : {
          "Action" : 10,
          "Text" : "[1;2S"
        },
        "0xf703-0x240000" : {
          "Action" : 10,
          "Text" : "[1;5C"
        },
        "0xf700-0x260000" : {
          "Action" : 10,
          "Text" : "[1;6A"
        },
        "0xf702-0x240000" : {
          "Action" : 10,
          "Text" : "[1;5D"
        },
        "0xf703-0x300000" : {
          "Action" : 11,
          "Text" : "0x5"
        },
        "0x37-0x40000" : {
          "Action" : 11,
          "Text" : "0x1f"
        },
        "0x3-0x200000" : {
          "Action" : 11,
          "Text" : "0xd"
        },
        "0xf701-0x240000" : {
          "Action" : 10,
          "Text" : "[1;5B"
        },
        "0xf702-0x300000" : {
          "Action" : 11,
          "Text" : "0x1"
        },
        "0xf703-0x220000" : {
          "Action" : 10,
          "Text" : "[1;2C"
        },
        "0xf739-0x0" : {
          "Action" : 13,
          "Text" : ""
        },
        "0xf70b-0x20000" : {
          "Action" : 10,
          "Text" : "[19;2~"
        },
        "0xf706-0x20000" : {
          "Action" : 10,
          "Text" : "[1;2R"
        },
        "0xf700-0x240000" : {
          "Action" : 10,
          "Text" : "[1;5A"
        },
        "0xf702-0x220000" : {
          "Action" : 10,
          "Text" : "[1;2D"
        },
        "0x36-0x40000" : {
          "Action" : 11,
          "Text" : "0x1e"
        },
        "0xf70f-0x20000" : {
          "Action" : 10,
          "Text" : "[24;2~"
        },
        "0xf701-0x220000" : {
          "Action" : 10,
          "Text" : "[1;2B"
        },
        "0xf70a-0x20000" : {
          "Action" : 10,
          "Text" : "[18;2~"
        },
        "0xf729-0x40000" : {
          "Action" : 10,
          "Text" : "[1;5H"
        },
        "0xf72b-0x20000" : {
          "Action" : 10,
          "Text" : "[1;2F"
        },
        "0xf700-0x220000" : {
          "Action" : 10,
          "Text" : "[1;2A"
        },
        "0x30-0x200000" : {
          "Action" : 12,
          "Text" : "0"
        },
        "0xf705-0x20000" : {
          "Action" : 10,
          "Text" : "[1;2Q"
        },
        "0x31-0x200000" : {
          "Action" : 12,
          "Text" : "1"
        },
        "0x33-0x200000" : {
          "Action" : 12,
          "Text" : "3"
        },
        "0x35-0x40000" : {
          "Action" : 11,
          "Text" : "0x1d"
        },
        "0x34-0x200000" : {
          "Action" : 12,
          "Text" : "4"
        },
        "0x32-0x200000" : {
          "Action" : 12,
          "Text" : "2"
        },
        "0x35-0x200000" : {
          "Action" : 12,
          "Text" : "5"
        },
        "0x36-0x200000" : {
          "Action" : 12,